"","text","favorited","favoriteCount","replyToSN","created","truncated","replyToSID","id","replyToUID","statusSource","screenName","retweetCount","isRetweet","retweeted","longitude","latitude","created2"
"1","Trailer averiado en conexi√≥n vial de Bulevar San Antonio zona 6 para 7 calle colonia Atl√°ntida zona 18. 

German Ro‚Ä¶ https://t.co/cSgzws1RcF",FALSE,0,NA,2020-09-03 21:43:20,TRUE,NA,"1301636922176155653",NA,"<a href=""http://twitter.com/download/iphone"" rel=""nofollow"">Twitter for iPhone</a>","amilcarmontejo",0,FALSE,FALSE,NA,NA,2020-09-03 15:43:20
"2","SEA. Expertos en veh√≠culos. Todo a buen precio. Efectivo o Visacuotas-Credicuotas. WhatsApp 3056 8813. Centro Empre‚Ä¶ https://t.co/CPlOtwMYpG",FALSE,0,NA,2020-09-03 21:43:08,TRUE,NA,"1301636873262108673",NA,"<a href=""https://mobile.twitter.com"" rel=""nofollow"">Twitter Web App</a>","bien062011",0,FALSE,FALSE,NA,NA,2020-09-03 15:43:08
"3","SEA. Expertos en veh√≠culos. Todo a buen precio. Efectivo o Visacuotas-Credicuotas. WhatsApp 3056 8813. Centro Empre‚Ä¶ https://t.co/Qd7Bte9j2n",FALSE,0,NA,2020-09-03 21:42:50,TRUE,NA,"1301636796988764161",NA,"<a href=""https://mobile.twitter.com"" rel=""nofollow"">Twitter Web App</a>","bien062011",0,FALSE,FALSE,NA,NA,2020-09-03 15:42:50
"4","#Tr√°ficoGT L√≠neas 1 y 2 del Transmetro se reactivar√°n este 4 de septiembre

Esta reactivaci√≥n beneficiar√° a los usu‚Ä¶ https://t.co/2G5kY24Xh7",FALSE,10,NA,2020-09-03 21:35:14,TRUE,NA,"1301634884449042432",NA,"<a href=""https://mobile.twitter.com"" rel=""nofollow"">Twitter Web App</a>","soy_502",0,FALSE,FALSE,NA,NA,2020-09-03 15:35:14
"5","El m√°s pilas.  
RT @InternetMuseo: https://t.co/EqAyD8JzKq",FALSE,7,NA,2020-09-03 21:30:33,FALSE,NA,"1301633705790918657",NA,"<a href=""http://www.tweetcaster.com"" rel=""nofollow"">TweetCaster for Android</a>","traficogt",3,FALSE,FALSE,NA,NA,2020-09-03 15:30:33
"6","RT @alba_keneth: #AlertaAlbaKeneth ‚ö† | BERLIN ESMERALDA CRUZ ALONSO, de 17 a√±os de edad.  Desapareci√≥ el 02 de Septiembre de 2020, en Nueva‚Ä¶",FALSE,0,NA,2020-09-03 21:21:07,FALSE,NA,"1301631331860963329",NA,"<a href=""http://www.tweetcaster.com"" rel=""nofollow"">TweetCaster for Android</a>","traficogt",16,TRUE,FALSE,NA,NA,2020-09-03 15:21:07
"7","RT @PoligrafoG: Las improvisadas ciclov√≠as, que irrespetan motoristas y autom√≥viles

https://t.co/37tnz0vfzZ

Las ""ciclov√≠as"" de Mixco y Gu‚Ä¶",FALSE,0,NA,2020-09-03 20:43:01,FALSE,NA,"1301621746341228546",NA,"<a href=""http://twitter.com/download/android"" rel=""nofollow"">Twitter for Android</a>","WMynor",4,TRUE,FALSE,NA,NA,2020-09-03 14:43:01
"8","#TraficoGT 
Tome sus precauciones agentes de la #PNC retiraron un √°rbol ca√≠do que obstaculiza el paso en el kil√≥met‚Ä¶ https://t.co/RAa6zDbWSR",FALSE,0,NA,2020-09-03 19:51:23,TRUE,NA,"1301608749463941127",NA,"<a href=""https://mobile.twitter.com"" rel=""nofollow"">Twitter Web App</a>","Noticiaspanoram",0,FALSE,FALSE,NA,NA,2020-09-03 13:51:23
"9","RT @PoligrafoG: Las improvisadas ciclov√≠as, que irrespetan motoristas y autom√≥viles

https://t.co/37tnz0vfzZ

Las ""ciclov√≠as"" de Mixco y Gu‚Ä¶",FALSE,0,NA,2020-09-03 19:22:26,FALSE,NA,"1301601463957938177",NA,"<a href=""http://twitter.com/download/android"" rel=""nofollow"">Twitter for Android</a>","97Jmat",4,TRUE,FALSE,NA,NA,2020-09-03 13:22:26
"10","En fin que hipocres√≠a 
#Traficogt 
@amilcarmontejo 
#guatemala https://t.co/DjZPnOfjkM",FALSE,0,NA,2020-09-03 19:14:31,FALSE,NA,"1301599473936871424",NA,"<a href=""http://twitter.com/download/android"" rel=""nofollow"">Twitter for Android</a>","Sergiio_Che",0,FALSE,FALSE,NA,NA,2020-09-03 13:14:31
"11","Las improvisadas ciclov√≠as, que irrespetan motoristas y autom√≥viles

https://t.co/37tnz0vfzZ

Las ""ciclov√≠as"" de Mi‚Ä¶ https://t.co/pqQnqufenN",FALSE,8,NA,2020-09-03 19:11:54,TRUE,NA,"1301598815414358018",NA,"<a href=""https://mobile.twitter.com"" rel=""nofollow"">Twitter Web App</a>","PoligrafoG",4,FALSE,FALSE,NA,NA,2020-09-03 13:11:54
"12","RT @EmixtraPablo: Veh√≠culo empotrado en el km 15 calzada Roosevelt con sentido hacia la ciudad, solo reportan da√±os materiales. PMT asiste‚Ä¶",FALSE,0,NA,2020-09-03 18:31:33,FALSE,NA,"1301588660396216323",NA,"<a href=""http://www.tweetcaster.com"" rel=""nofollow"">TweetCaster for Android</a>","traficogt",3,TRUE,FALSE,NA,NA,2020-09-03 12:31:33
"13","RT @republicagt: #Comunidad üë• | La Parroquia San Mart√≠n de Porres, en la zona 15, inici√≥ este jueves la adoraci√≥n y misas presenciales desd‚Ä¶",FALSE,0,NA,2020-09-03 18:31:06,FALSE,NA,"1301588546541760518",NA,"<a href=""http://www.tweetcaster.com"" rel=""nofollow"">TweetCaster for Android</a>","traficogt",4,TRUE,FALSE,NA,NA,2020-09-03 12:31:06
"14","RT @Q0NTR0L: Queremos ver la llamada de atenci√≥n y de ser posible multa. @amilcarmontejo @AlcaldeQuinonez @muniguate @AlcaldiaMuniGua . *mo‚Ä¶",FALSE,0,NA,2020-09-03 18:18:59,FALSE,NA,"1301585496888487938",NA,"<a href=""https://mobile.twitter.com"" rel=""nofollow"">Twitter Web App</a>","markosantos",1,TRUE,FALSE,NA,NA,2020-09-03 12:18:59
"15","Queremos ver la llamada de atenci√≥n y de ser posible multa. @amilcarmontejo @AlcaldeQuinonez @muniguate‚Ä¶ https://t.co/YXavH5605P",FALSE,3,NA,2020-09-03 18:14:47,TRUE,NA,"1301584438850211840",NA,"<a href=""http://twitter.com/download/android"" rel=""nofollow"">Twitter for Android</a>","Q0NTR0L",1,FALSE,FALSE,NA,NA,2020-09-03 12:14:47
"16","RT @transdocnoticia: #TraficoGT  üö® üëâ  https://t.co/0uvBJuNu2M

1. Cuesta de Villa Lobos libre al norte, acumulaci√≥n veh√≠cular rumbo a la ci‚Ä¶",FALSE,0,NA,2020-09-03 17:59:55,FALSE,NA,"1301580698114031622",NA,"<a href=""http://twitter.com/download/android"" rel=""nofollow"">Twitter for Android</a>","Yesenia26067059",1,TRUE,FALSE,NA,NA,2020-09-03 11:59:55
"17","#TraficoGT  üö® üëâ  https://t.co/0uvBJuNu2M

1. Cuesta de Villa Lobos libre al norte, acumulaci√≥n veh√≠cular rumbo a la‚Ä¶ https://t.co/lJTefWVBFy",FALSE,1,NA,2020-09-03 17:49:15,TRUE,NA,"1301578015151919105",NA,"<a href=""https://mobile.twitter.com"" rel=""nofollow"">Twitter Web App</a>","transdocnoticia",1,FALSE,FALSE,NA,NA,2020-09-03 11:49:15
"18","#TraficoGT  üö® üëâ  https://t.co/0uvBJuNu2M

1. Presencia de lluvia sobre km 31 y 37  de ruta al Atl√°ntico CA-9 Norte.‚Ä¶ https://t.co/BCaFSHDe9N",FALSE,1,NA,2020-09-03 17:47:12,TRUE,NA,"1301577498602409984",NA,"<a href=""https://mobile.twitter.com"" rel=""nofollow"">Twitter Web App</a>","transdocnoticia",0,FALSE,FALSE,NA,NA,2020-09-03 11:47:12
"19","#Tr√°nsitoGT / üë®‚Äçüë©‚Äçüëß‚Äçüë¶üöß Estamos construyendo m√°s espacios para el esparcimiento familiar en la nueva normalidad. El‚Ä¶ https://t.co/WLJxTegMJI",FALSE,0,NA,2020-09-03 17:26:48,TRUE,NA,"1301572363516022784",NA,"<a href=""http://twitter.com/download/iphone"" rel=""nofollow"">Twitter for iPhone</a>","muniguatezona11",0,FALSE,FALSE,NA,NA,2020-09-03 11:26:48
"20","RT @transdocnoticia: #TraficoGT  üö® üëâ https://t.co/B4HWsZwxjI

1. Provial del Ministerio de Comunicaciones retiran roca que obstruye un carr‚Ä¶",FALSE,0,NA,2020-09-03 17:04:21,FALSE,NA,"1301566713662668806",NA,"<a href=""http://twitter.com/download/android"" rel=""nofollow"">Twitter for Android</a>","Yesenia26067059",1,TRUE,FALSE,NA,NA,2020-09-03 11:04:21
"21","RT @transdocnoticia: #TraficoGT  üö® üëâhttps://t.co/B4HWsZwxjI

1. Colisi√≥n de motocicletas en el km 18 ruta al Pac√≠fico solo da√±os materiales‚Ä¶",FALSE,0,NA,2020-09-03 17:04:17,FALSE,NA,"1301566696382226432",NA,"<a href=""http://twitter.com/download/android"" rel=""nofollow"">Twitter for Android</a>","Yesenia26067059",1,TRUE,FALSE,NA,NA,2020-09-03 11:04:17
"22","#Tr√°nsitoGT / üö´‚ö†Ô∏èAvanzamos en el plan de ordenamiento vial en #Zona11 y continuamos notificando los veh√≠culos aband‚Ä¶ https://t.co/yUSaFnAvty",FALSE,1,NA,2020-09-03 17:02:08,TRUE,NA,"1301566156474642434",NA,"<a href=""http://twitter.com/download/iphone"" rel=""nofollow"">Twitter for iPhone</a>","muniguatezona11",0,FALSE,FALSE,NA,NA,2020-09-03 11:02:08
"23","RT @EmixtraPablo: Colisi√≥n en Km 15.5 calzada Roosevelt, obstaculiza carril izquierdo hacia Occidente, agentes quienes cubren la novedad in‚Ä¶",FALSE,0,NA,2020-09-03 16:48:11,FALSE,NA,"1301562645280108546",NA,"<a href=""http://www.tweetcaster.com"" rel=""nofollow"">TweetCaster for Android</a>","traficogt",2,TRUE,FALSE,NA,NA,2020-09-03 10:48:11
"24","RT @amilcarmontejo: Gr√∫as han sido coordinadas para habilitar paso por veh√≠culos averiados.

#PMTGuatemalaEnTodo #TransitoGT #TraficoGT htt‚Ä¶",FALSE,0,NA,2020-09-03 15:37:33,FALSE,NA,"1301544871958896640",NA,"<a href=""http://twitter.com/download/android"" rel=""nofollow"">Twitter for Android</a>","RaulMon43921132",1,TRUE,FALSE,NA,NA,2020-09-03 09:37:33
"25","Gr√∫as han sido coordinadas para habilitar paso por veh√≠culos averiados.

#PMTGuatemalaEnTodo #TransitoGT #TraficoGT https://t.co/DepyNgobxO",FALSE,12,NA,2020-09-03 15:35:25,FALSE,NA,"1301544335087984640",NA,"<a href=""http://twitter.com/download/iphone"" rel=""nofollow"">Twitter for iPhone</a>","amilcarmontejo",1,FALSE,FALSE,NA,NA,2020-09-03 09:35:25
"26","#TraficoGT

La Polic√≠a Municipal de Transito de Fraijanes @fraijanespmt  en conjunto con PROVIAL, llevan a cabo un‚Ä¶ https://t.co/L2dlBEGiZR",FALSE,0,NA,2020-09-03 15:31:47,TRUE,NA,"1301543421857890304",NA,"<a href=""https://mobile.twitter.com"" rel=""nofollow"">Twitter Web App</a>","MuniFraijanesGt",0,FALSE,FALSE,NA,NA,2020-09-03 09:31:47
"27","RT @muniguate: Para que llegue a tiempo a su trabajo y temprano a casa

üò∑üëâüèΩ ver üìπ en: https://t.co/1rH5rPnkcv

@AlcaldeQuinonez @MuniVillaN‚Ä¶",FALSE,0,NA,2020-09-03 15:10:52,FALSE,NA,"1301538157117288449",NA,"<a href=""http://twitter.com/download/android"" rel=""nofollow"">Twitter for Android</a>","Maggyjosefina",2,TRUE,FALSE,NA,NA,2020-09-03 09:10:52
"28","RT @muniguate: Para que llegue a tiempo a su trabajo y temprano a casa

üò∑üëâüèΩ ver üìπ en: https://t.co/1rH5rPnkcv

@AlcaldeQuinonez @MuniVillaN‚Ä¶",FALSE,0,NA,2020-09-03 14:54:23,FALSE,NA,"1301534006018793472",NA,"<a href=""https://mobile.twitter.com"" rel=""nofollow"">Twitter Web App</a>","MuniVillaNueva",2,TRUE,FALSE,NA,NA,2020-09-03 08:54:23
"29","Para que llegue a tiempo a su trabajo y temprano a casa

üò∑üëâüèΩ ver üìπ en: https://t.co/1rH5rPnkcv

@AlcaldeQuinonez‚Ä¶ https://t.co/LoDQilZrAn",FALSE,8,NA,2020-09-03 14:51:43,TRUE,NA,"1301533338952491012",NA,"<a href=""https://mobile.twitter.com"" rel=""nofollow"">Twitter Web App</a>","muniguate",2,FALSE,FALSE,NA,NA,2020-09-03 08:51:43
"30","@traficogt @Ivan_Velasquez_ Peor que antes que sacaran a la CICIG",FALSE,0,"traficogt",2020-09-03 14:16:15,FALSE,"1301523917568389122","1301524411535822849","93938886","<a href=""http://twitter.com/download/android"" rel=""nofollow"">Twitter for Android</a>","isragutal",0,FALSE,FALSE,NA,NA,2020-09-03 08:16:15
"31","En franco retroceso. La corrupci√≥n  sigue siendo la institucion m√°s  s√≥lida de Guatemala.
RT @Ivan_Velasquez_: Un a‚Ä¶ https://t.co/V7xUyjMEz5",FALSE,13,NA,2020-09-03 14:14:17,TRUE,NA,"1301523917568389122",NA,"<a href=""http://www.tweetcaster.com"" rel=""nofollow"">TweetCaster for Android</a>","traficogt",5,FALSE,FALSE,NA,NA,2020-09-03 08:14:17
"32","#TraficoGT  üö® üëâhttps://t.co/B4HWsZwxjI

1. Colisi√≥n de motocicletas en el km 18 ruta al Pac√≠fico solo da√±os materia‚Ä¶ https://t.co/9vxs15WQOf",FALSE,1,NA,2020-09-03 14:03:50,TRUE,NA,"1301521286921936901",NA,"<a href=""https://mobile.twitter.com"" rel=""nofollow"">Twitter Web App</a>","transdocnoticia",1,FALSE,FALSE,NA,NA,2020-09-03 08:03:50
"33","#TraficoGT  üö® üëâ https://t.co/B4HWsZwxjI

1. Provial del Ministerio de Comunicaciones retiran roca que obstruye un c‚Ä¶ https://t.co/VYsaCr7GBs",FALSE,2,NA,2020-09-03 14:00:05,TRUE,NA,"1301520341001555976",NA,"<a href=""https://mobile.twitter.com"" rel=""nofollow"">Twitter Web App</a>","transdocnoticia",1,FALSE,FALSE,NA,NA,2020-09-03 08:00:05
"34","üî¥Accidente de Transito 

#PMTGuatemalaEnTodo le reporta varias novedadesvisles que afectan algunos tramos en Ciudad‚Ä¶ https://t.co/nkelO5LS3N",FALSE,0,NA,2020-09-03 13:51:35,TRUE,NA,"1301518205287104517",NA,"<a href=""http://twitter.com/download/iphone"" rel=""nofollow"">Twitter for iPhone</a>","R580am",0,FALSE,FALSE,NA,NA,2020-09-03 07:51:35
"35","#TraficoGT 
Tome sus precauciones, @PMT_VILLANUEVA reporta colisi√≥n de motocicletas en el km 18 ruta al Pac√≠fico, s‚Ä¶ https://t.co/fiiAL5wYzx",FALSE,0,NA,2020-09-03 13:41:48,TRUE,NA,"1301515743679442946",NA,"<a href=""https://mobile.twitter.com"" rel=""nofollow"">Twitter Web App</a>","Noticiaspanoram",0,FALSE,FALSE,NA,NA,2020-09-03 07:41:48
"36","#Tr√°ficoGT | As√≠ luce la calzada Roosevelt. https://t.co/7LKoBcchKz",FALSE,1,NA,2020-09-03 13:29:03,FALSE,NA,"1301512531417149449",NA,"<a href=""https://mobile.twitter.com"" rel=""nofollow"">Twitter Web App</a>","vivaln_gtv",0,FALSE,FALSE,NA,NA,2020-09-03 07:29:03
"37","RT @EmixtraPablo: Se mantiene la fluidez vehicular sobre calzada Roosevelt hacia la ciudad capital, agentes PMT mantienen supervisi√≥n en el‚Ä¶",FALSE,0,NA,2020-09-03 13:09:48,FALSE,NA,"1301507690292805635",NA,"<a href=""http://www.tweetcaster.com"" rel=""nofollow"">TweetCaster for Android</a>","traficogt",1,TRUE,FALSE,NA,NA,2020-09-03 07:09:48
"38","RT @thelma65041589: @MuniMixco_ @amilcarmontejo @PMTQ_MuniXela @traficogt @PMTQ_MuniXela   Con ciclov√≠as üö≤üö≤üö≤  es necesario incluir plan de‚Ä¶",FALSE,0,NA,2020-09-03 12:19:47,FALSE,NA,"1301495103555600390",NA,"<a href=""http://twitter.com/download/android"" rel=""nofollow"">Twitter for Android</a>","Azucena6174",1,TRUE,FALSE,NA,NA,2020-09-03 06:19:47
"39","@MuniMixco_ @amilcarmontejo @PMTQ_MuniXela @traficogt @PMTQ_MuniXela   Con ciclov√≠as üö≤üö≤üö≤  es necesario incluir plan‚Ä¶ https://t.co/zVyHwrfAPa",FALSE,2,"MuniMixco_",2020-09-03 11:36:13,TRUE,NA,"1301484137178595329","4760896064","<a href=""http://twitter.com/download/iphone"" rel=""nofollow"">Twitter for iPhone</a>","thelma65041589",1,FALSE,FALSE,NA,NA,2020-09-03 05:36:13
"40","RT @MILTONRIANOP: ESPECTACULAR ARCOIRIS!!! El hace parte de la protecci√≥n en el medio ambiente cuidemolo, CARBONDIVEST #JungkookDay #Renunc‚Ä¶",FALSE,0,NA,2020-09-03 06:39:13,FALSE,NA,"1301409396489158657",NA,"<a href=""http://twitter.com/download/android"" rel=""nofollow"">Twitter for Android</a>","szilviade_",8,TRUE,FALSE,NA,NA,2020-09-03 00:39:13
"41","RT @PampichiNews: #TraficoGT
Tr√°iler Encunetado en bajada de #VillaLobos en direcci√≥n hacia #Amatitl√°n https://t.co/KrSMLLjHwG",FALSE,0,NA,2020-09-03 05:59:24,FALSE,NA,"1301399373578993664",NA,"<a href=""http://twitter.com/download/android"" rel=""nofollow"">Twitter for Android</a>","ChrizEscobar",17,TRUE,FALSE,NA,NA,2020-09-02 23:59:24
"42","RT @MILTONRIANOP: ESPECTACULAR ARCOIRIS!!! El hace parte de la protecci√≥n en el medio ambiente cuidemolo, CARBONDIVEST #JungkookDay #Renunc‚Ä¶",FALSE,0,NA,2020-09-03 05:51:00,FALSE,NA,"1301397262422233088",NA,"<a href=""https://nbc.com"" rel=""nofollow"">sarijulie3</a>","sarijulie3",8,TRUE,FALSE,NA,NA,2020-09-02 23:51:00
"43","RT @MILTONRIANOP: ESPECTACULAR ARCOIRIS!!! El hace parte de la protecci√≥n en el medio ambiente cuidemolo, CARBONDIVEST #JungkookDay #Renunc‚Ä¶",FALSE,0,NA,2020-09-03 05:50:33,FALSE,NA,"1301397149473820672",NA,"<a href=""http://twitter.com/download/android"" rel=""nofollow"">Twitter for Android</a>","FlipTheScript8",8,TRUE,FALSE,NA,NA,2020-09-02 23:50:33
"44","Mt.6:34: As√≠ que, no os afan√©is por el d√≠a de ma√±ana, porque cada d√≠a traer√° su af√°n Hasta ma√±ana con mas informaci‚Ä¶ https://t.co/5GzT4xSE2s",FALSE,1,NA,2020-09-03 05:45:09,TRUE,NA,"1301395790934482944",NA,"<a href=""https://ifttt.com"" rel=""nofollow"">IFTTT</a>","Notirumbosgt",0,FALSE,FALSE,NA,NA,2020-09-02 23:45:09
"45","RT @MILTONRIANOP: ESPECTACULAR ARCOIRIS!!! El hace parte de la protecci√≥n en el medio ambiente cuidemolo, CARBONDIVEST #JungkookDay #Renunc‚Ä¶",FALSE,0,NA,2020-09-03 05:44:13,FALSE,NA,"1301395552584769536",NA,"<a href=""https://mobile.twitter.com"" rel=""nofollow"">Twitter Web App</a>","AlteaFerrari",8,TRUE,FALSE,NA,NA,2020-09-02 23:44:13
"46","RT @amilcarmontejo: Caminar o andar en bici 20 minutos diariamente estimulan hormonas de la felicidad*, ayudando a una mejor calidad de vid‚Ä¶",FALSE,0,NA,2020-09-03 05:34:10,FALSE,NA,"1301393026863050752",NA,"<a href=""http://twitter.com/download/android"" rel=""nofollow"">Twitter for Android</a>","LissethMonzn1",56,TRUE,FALSE,NA,NA,2020-09-02 23:34:10
"47","De estos carriles nos urgen en la ciudad de Guatemala y hacerlos respetar por parte de la autoridad municipal‚Ä¶ https://t.co/bN0kIl2NOR",FALSE,1,NA,2020-09-03 04:57:47,TRUE,NA,"1301383869929852931",NA,"<a href=""http://twitter.com/download/android"" rel=""nofollow"">Twitter for Android</a>","gustavo_aguerra",0,FALSE,FALSE,NA,NA,2020-09-02 22:57:47
"48","RT @alba_keneth: #AlertaAlbaKeneth ‚ö† | DAVID EDUARDO AYALA CUELLAR, de 03 a√±os de edad.  Desapareci√≥ el 01 de Septiembre de 2020, en Coloni‚Ä¶",FALSE,0,NA,2020-09-03 04:29:48,FALSE,NA,"1301376828024684545",NA,"<a href=""http://www.tweetcaster.com"" rel=""nofollow"">TweetCaster for Android</a>","traficogt",65,TRUE,FALSE,NA,NA,2020-09-02 22:29:48
"49","RT @alba_keneth: #AlertaAlbaKeneth ‚ö† | ANGELA CATALINA SOC AVILA, de 13 a√±os de edad.  Desapareci√≥ el 02 de Septiembre de 2020, en Aldea El‚Ä¶",FALSE,0,NA,2020-09-03 04:29:34,FALSE,NA,"1301376767890993152",NA,"<a href=""http://www.tweetcaster.com"" rel=""nofollow"">TweetCaster for Android</a>","traficogt",49,TRUE,FALSE,NA,NA,2020-09-02 22:29:34
"50","RT @amilcarmontejo: Colisi√≥n picop / motocicleta en 27 calle 30 avenida zona 5. Bomberos Municipales en auxilio de motorista. Transe√∫ntes a‚Ä¶",FALSE,0,NA,2020-09-03 03:59:32,FALSE,NA,"1301369209801371648",NA,"<a href=""http://twitter.com/download/android"" rel=""nofollow"">Twitter for Android</a>","karlosenrikeya1",2,TRUE,FALSE,NA,NA,2020-09-02 21:59:32
"51","RT @amilcarmontejo: Caminar o andar en bici 20 minutos diariamente estimulan hormonas de la felicidad*, ayudando a una mejor calidad de vid‚Ä¶",FALSE,0,NA,2020-09-03 03:44:49,FALSE,NA,"1301365505190703104",NA,"<a href=""http://twitter.com/download/android"" rel=""nofollow"">Twitter for Android</a>","Liggis_ambrosio",56,TRUE,FALSE,NA,NA,2020-09-02 21:44:49
"52","RT @amilcarmontejo: Caminar o andar en bici 20 minutos diariamente estimulan hormonas de la felicidad*, ayudando a una mejor calidad de vid‚Ä¶",FALSE,0,NA,2020-09-03 02:56:56,FALSE,NA,"1301353455479652353",NA,"<a href=""http://twitter.com/download/android"" rel=""nofollow"">Twitter for Android</a>","JacoboRoxy",56,TRUE,FALSE,NA,NA,2020-09-02 20:56:56
"53","RT @amilcarmontejo: Conductor ileso tras volcar picop en calzada Aguilar Batres 2 calle zona 11.

üõë m√°s im√°genes en: https://t.co/B3ozMGzI3‚Ä¶",FALSE,0,NA,2020-09-03 02:46:35,FALSE,NA,"1301350849948651521",NA,"<a href=""http://twitter.com/download/android"" rel=""nofollow"">Twitter for Android</a>","Luisa36956804",3,TRUE,FALSE,NA,NA,2020-09-02 20:46:35
"54","RT @amilcarmontejo: Colisi√≥n picop / motocicleta en 27 calle 30 avenida zona 5. Bomberos Municipales en auxilio de motorista. Transe√∫ntes a‚Ä¶",FALSE,0,NA,2020-09-03 02:45:32,FALSE,NA,"1301350584881160193",NA,"<a href=""http://twitter.com/download/android"" rel=""nofollow"">Twitter for Android</a>","Luisa36956804",2,TRUE,FALSE,NA,NA,2020-09-02 20:45:32
"55","RT @amilcarmontejo: Caminar o andar en bici 20 minutos diariamente estimulan hormonas de la felicidad*, ayudando a una mejor calidad de vid‚Ä¶",FALSE,0,NA,2020-09-03 02:41:43,FALSE,NA,"1301349625815760897",NA,"<a href=""http://twitter.com/download/iphone"" rel=""nofollow"">Twitter for iPhone</a>","NaboHe",56,TRUE,FALSE,NA,NA,2020-09-02 20:41:43
"56","Colisi√≥n picop / motocicleta en 27 calle 30 avenida zona 5. Bomberos Municipales en auxilio de motorista. Transe√∫nt‚Ä¶ https://t.co/K7xTBJmtzt",FALSE,11,NA,2020-09-03 02:36:43,TRUE,NA,"1301348368522846211",NA,"<a href=""http://twitter.com/download/iphone"" rel=""nofollow"">Twitter for iPhone</a>","amilcarmontejo",2,FALSE,FALSE,NA,NA,2020-09-02 20:36:43
"57","RT @amilcarmontejo: Caminar o andar en bici 20 minutos diariamente estimulan hormonas de la felicidad*, ayudando a una mejor calidad de vid‚Ä¶",FALSE,0,NA,2020-09-03 02:11:22,FALSE,NA,"1301341988747345927",NA,"<a href=""http://twitter.com/download/android"" rel=""nofollow"">Twitter for Android</a>","El_Caitazo",56,TRUE,FALSE,NA,NA,2020-09-02 20:11:22
"58","RT @amilcarmontejo: Caminar o andar en bici 20 minutos diariamente estimulan hormonas de la felicidad*, ayudando a una mejor calidad de vid‚Ä¶",FALSE,0,NA,2020-09-03 00:55:05,FALSE,NA,"1301322791766163463",NA,"<a href=""http://twitter.com/download/iphone"" rel=""nofollow"">Twitter for iPhone</a>","XoxoCarrilloQ",56,TRUE,FALSE,NA,NA,2020-09-02 18:55:05
"59","RT @PampichiNews: #TraficoGT
Tr√°iler Encunetado en bajada de #VillaLobos en direcci√≥n hacia #Amatitl√°n https://t.co/KrSMLLjHwG",FALSE,0,NA,2020-09-03 00:54:35,FALSE,NA,"1301322665559576577",NA,"<a href=""http://twitter.com/download/android"" rel=""nofollow"">Twitter for Android</a>","Ren57316851",17,TRUE,FALSE,NA,NA,2020-09-02 18:54:35
"60","RT @amilcarmontejo: Conductor ileso tras volcar picop en calzada Aguilar Batres 2 calle zona 11.

üõë m√°s im√°genes en: https://t.co/B3ozMGzI3‚Ä¶",FALSE,0,NA,2020-09-03 00:50:54,FALSE,NA,"1301321737368461319",NA,"<a href=""http://twitter.com/download/android"" rel=""nofollow"">Twitter for Android</a>","Mirye_SG",3,TRUE,FALSE,NA,NA,2020-09-02 18:50:54
"61","#TraficoGT totalmente detenido en 7 avenida,  Reformita zona 12 #TransitoGT https://t.co/DSP7wN5Fs4",FALSE,0,NA,2020-09-03 00:46:49,FALSE,NA,"1301320708853764096",NA,"<a href=""http://twitter.com/download/android"" rel=""nofollow"">Twitter for Android</a>","michellepradoj",0,FALSE,FALSE,NA,NA,2020-09-02 18:46:49
"62","RT @PampichiNews: #TraficoGT
Tr√°iler Encunetado en bajada de #VillaLobos en direcci√≥n hacia #Amatitl√°n https://t.co/KrSMLLjHwG",FALSE,0,NA,2020-09-03 00:34:44,FALSE,NA,"1301317668147007489",NA,"<a href=""http://twitter.com/download/android"" rel=""nofollow"">Twitter for Android</a>","elbekgt",17,TRUE,FALSE,NA,NA,2020-09-02 18:34:44
"63","RT @PampichiNews: #TraficoGT
Tr√°iler Encunetado en bajada de #VillaLobos en direcci√≥n hacia #Amatitl√°n https://t.co/KrSMLLjHwG",FALSE,0,NA,2020-09-03 00:34:02,FALSE,NA,"1301317494322458625",NA,"<a href=""http://twitter.com/download/iphone"" rel=""nofollow"">Twitter for iPhone</a>","Ozitho_diaz",17,TRUE,FALSE,NA,NA,2020-09-02 18:34:02
"64","SEA. Expertos en veh√≠culos. Todo a buen precio. Efectivo o Visacuotas-Credicuotas. WhatsApp 3056 8813. Centro Empre‚Ä¶ https://t.co/mpRx2HfHt7",FALSE,2,NA,2020-09-03 00:31:23,TRUE,NA,"1301316826761170950",NA,"<a href=""https://mobile.twitter.com"" rel=""nofollow"">Twitter Web App</a>","MensajeroSi",0,FALSE,FALSE,NA,NA,2020-09-02 18:31:23
"65","SEA. Expertos en veh√≠culos. Todo a buen precio. Efectivo o Visacuotas-Credicuotas. WhatsApp 3056 8813. Centro Empre‚Ä¶ https://t.co/Y671jsH3fp",FALSE,2,NA,2020-09-03 00:29:30,TRUE,NA,"1301316352326721536",NA,"<a href=""https://mobile.twitter.com"" rel=""nofollow"">Twitter Web App</a>","MensajeroSi",0,FALSE,FALSE,NA,NA,2020-09-02 18:29:30
"66","SEA. Expertos en veh√≠culos. Todo a buen precio. Efectivo o Visacuotas-Credicuotas. WhatsApp 3056 8813. Centro Empre‚Ä¶ https://t.co/SAvDyvYrpA",FALSE,1,NA,2020-09-03 00:28:39,TRUE,NA,"1301316137813258248",NA,"<a href=""https://mobile.twitter.com"" rel=""nofollow"">Twitter Web App</a>","MensajeroSi",0,FALSE,FALSE,NA,NA,2020-09-02 18:28:39
"67","RT @Noti_Atlantico: üî¥#ReportedelTrafico | #TransitoGT complicado de #CalzadalaPaz a #Zona5 debido a motorista fallecido al ser atropellado‚Ä¶",FALSE,0,NA,2020-09-03 00:28:25,FALSE,NA,"1301316081764761604",NA,"<a href=""http://twitter.com/download/android"" rel=""nofollow"">Twitter for Android</a>","Eduany45899431",4,TRUE,FALSE,NA,NA,2020-09-02 18:28:25
"68","SEA. Expertos en veh√≠culos. Todo a buen precio. Efectivo o Visacuotas-Credicuotas. WhatsApp 3056 8813. Centro Empre‚Ä¶ https://t.co/jp2V64zx1A",FALSE,1,NA,2020-09-03 00:27:38,TRUE,NA,"1301315884573749253",NA,"<a href=""https://mobile.twitter.com"" rel=""nofollow"">Twitter Web App</a>","MensajeroSi",0,FALSE,FALSE,NA,NA,2020-09-02 18:27:38
"69","RT @Noti_Atlantico: üî¥#HagamosConciencia | Una imagen dice m√°s que mil palabras, respetemos los sem√°foros, evitemos los accidentes.

Fotogra‚Ä¶",FALSE,0,NA,2020-09-03 00:27:27,FALSE,NA,"1301315836016242691",NA,"<a href=""http://twitter.com/download/android"" rel=""nofollow"">Twitter for Android</a>","Eduany45899431",6,TRUE,FALSE,NA,NA,2020-09-02 18:27:27
"70","SEA. Expertos en veh√≠culos. Todo a buen precio. Efectivo o Visacuotas-Credicuotas. WhatsApp 3056 8813. Centro Empre‚Ä¶ https://t.co/i3e3jWIfhT",FALSE,1,NA,2020-09-03 00:27:05,TRUE,NA,"1301315745775837187",NA,"<a href=""https://mobile.twitter.com"" rel=""nofollow"">Twitter Web App</a>","MensajeroSi",0,FALSE,FALSE,NA,NA,2020-09-02 18:27:05
"71","RT @Noti_Atlantico: üî¥#ClimaGT | Inundaciones en #CarreteraalAtlantico kil√≥metro 8.4 y en bulevar San Rafael #Zona18, esto perjudica la movi‚Ä¶",FALSE,0,NA,2020-09-03 00:27:01,FALSE,NA,"1301315727954243584",NA,"<a href=""http://twitter.com/download/android"" rel=""nofollow"">Twitter for Android</a>","Eduany45899431",9,TRUE,FALSE,NA,NA,2020-09-02 18:27:01
"72","SEA. Expertos en veh√≠culos. Todo a buen precio. Efectivo o Visacuotas-Credicuotas. WhatsApp 3056 8813. Centro Empre‚Ä¶ https://t.co/hDCvChOzrQ",FALSE,1,NA,2020-09-03 00:26:32,TRUE,NA,"1301315605308616706",NA,"<a href=""https://mobile.twitter.com"" rel=""nofollow"">Twitter Web App</a>","MensajeroSi",0,FALSE,FALSE,NA,NA,2020-09-02 18:26:32
"73","SEA. Expertos en veh√≠culos. Todo a buen precio. Efectivo o Visacuotas-Credicuotas. WhatsApp 3056 8813. Centro Empre‚Ä¶ https://t.co/yXsNtG5ZCu",FALSE,1,NA,2020-09-03 00:26:17,TRUE,NA,"1301315541513179142",NA,"<a href=""https://mobile.twitter.com"" rel=""nofollow"">Twitter Web App</a>","MensajeroSi",0,FALSE,FALSE,NA,NA,2020-09-02 18:26:17
"74","Desgracia #transitoVN #traficoVN #traficogt #villalobos @amilcarmontejo @PMT_VILLANUEVA https://t.co/NZIJSGSmZH",FALSE,0,NA,2020-09-03 00:25:23,FALSE,NA,"1301315318816665602",NA,"<a href=""http://twitter.com/download/iphone"" rel=""nofollow"">Twitter for iPhone</a>","StuarGOM",0,FALSE,FALSE,NA,NA,2020-09-02 18:25:23
"75","Puesto de registro de la polic√≠a en galilea y reversible vale Berta @amilcarmontejo @traficogt https://t.co/T0yo087AoE",FALSE,0,NA,2020-09-03 00:24:19,FALSE,NA,"1301315049265541121",NA,"<a href=""http://twitter.com/download/iphone"" rel=""nofollow"">Twitter for iPhone</a>","Erik_Van",0,FALSE,FALSE,NA,NA,2020-09-02 18:24:19
"76","SEA. Expertos en veh√≠culos. Todo a buen precio. Efectivo o Visacuotas-Credicuotas. WhatsApp 3056 8813. Centro Empre‚Ä¶ https://t.co/PQjEx4Xoxf",FALSE,1,NA,2020-09-03 00:24:10,TRUE,NA,"1301315009667047425",NA,"<a href=""https://mobile.twitter.com"" rel=""nofollow"">Twitter Web App</a>","bien062011",0,FALSE,FALSE,NA,NA,2020-09-02 18:24:10
"77","SEA. Expertos en veh√≠culos. Todo a buen precio. Efectivo o Visacuotas-Credicuotas. WhatsApp 3056 8813. Centro Empre‚Ä¶ https://t.co/grokGxB8s1",FALSE,1,NA,2020-09-03 00:23:51,TRUE,NA,"1301314931153874944",NA,"<a href=""https://mobile.twitter.com"" rel=""nofollow"">Twitter Web App</a>","bien062011",0,FALSE,FALSE,NA,NA,2020-09-02 18:23:51
"78","RT @PampichiNews: #TraficoGT
Tr√°iler Encunetado en bajada de #VillaLobos en direcci√≥n hacia #Amatitl√°n https://t.co/KrSMLLjHwG",FALSE,0,NA,2020-09-03 00:23:45,FALSE,NA,"1301314905547698178",NA,"<a href=""http://twitter.com/download/android"" rel=""nofollow"">Twitter for Android</a>","walter2019I",17,TRUE,FALSE,NA,NA,2020-09-02 18:23:45
"79","SEA. Expertos en veh√≠culos. Todo a buen precio. Efectivo o Visacuotas-Credicuotas. WhatsApp 3056 8813. Centro Empre‚Ä¶ https://t.co/eTxTeVt5c4",FALSE,1,NA,2020-09-03 00:23:21,TRUE,NA,"1301314806813777921",NA,"<a href=""https://mobile.twitter.com"" rel=""nofollow"">Twitter Web App</a>","bien062011",0,FALSE,FALSE,NA,NA,2020-09-02 18:23:21
"80","RT @PampichiNews: #TraficoGT
Tr√°iler Encunetado en bajada de #VillaLobos en direcci√≥n hacia #Amatitl√°n https://t.co/KrSMLLjHwG",FALSE,0,NA,2020-09-03 00:23:11,FALSE,NA,"1301314765365665793",NA,"<a href=""http://twitter.com/download/android"" rel=""nofollow"">Twitter for Android</a>","TheJesterHell",17,TRUE,FALSE,NA,NA,2020-09-02 18:23:11
"81","RT @PampichiNews: #TraficoGT
Tr√°iler Encunetado en bajada de #VillaLobos en direcci√≥n hacia #Amatitl√°n https://t.co/KrSMLLjHwG",FALSE,0,NA,2020-09-03 00:22:45,FALSE,NA,"1301314652668915713",NA,"<a href=""http://twitter.com/download/android"" rel=""nofollow"">Twitter for Android</a>","PampichiNews",17,TRUE,FALSE,NA,NA,2020-09-02 18:22:45
"82","Conductor ileso tras volcar picop en calzada Aguilar Batres 2 calle zona 11.

üõë m√°s im√°genes en:‚Ä¶ https://t.co/P65xuI9vP0",FALSE,14,NA,2020-09-03 00:22:40,TRUE,NA,"1301314632779534336",NA,"<a href=""http://twitter.com/download/iphone"" rel=""nofollow"">Twitter for iPhone</a>","amilcarmontejo",3,FALSE,FALSE,NA,NA,2020-09-02 18:22:40
"83","RT @PampichiNews: #TraficoGT
Tr√°iler Encunetado en bajada de #VillaLobos en direcci√≥n hacia #Amatitl√°n https://t.co/KrSMLLjHwG",FALSE,0,NA,2020-09-03 00:19:09,FALSE,NA,"1301313746976018433",NA,"<a href=""http://twitter.com/download/iphone"" rel=""nofollow"">Twitter for iPhone</a>","Casasola_Flor",17,TRUE,FALSE,NA,NA,2020-09-02 18:19:09
"84","RT @PampichiNews: #TraficoGT
Tr√°iler Encunetado en bajada de #VillaLobos en direcci√≥n hacia #Amatitl√°n https://t.co/KrSMLLjHwG",FALSE,0,NA,2020-09-03 00:18:29,FALSE,NA,"1301313581187821568",NA,"<a href=""http://twitter.com/download/android"" rel=""nofollow"">Twitter for Android</a>","1975soto1",17,TRUE,FALSE,NA,NA,2020-09-02 18:18:29
"85","RT @MILTONRIANOP: ESPECTACULAR ARCOIRIS!!! El hace parte de la protecci√≥n en el medio ambiente cuidemolo, CARBONDIVEST #JungkookDay #Renunc‚Ä¶",FALSE,0,NA,2020-09-03 00:17:28,FALSE,NA,"1301313323414310912",NA,"<a href=""https://mobile.twitter.com"" rel=""nofollow"">Twitter Web App</a>","MILTONRIANOP",8,TRUE,FALSE,NA,NA,2020-09-02 18:17:28
"86","RT @PampichiNews: #TraficoGT
Tr√°iler Encunetado en bajada de #VillaLobos en direcci√≥n hacia #Amatitl√°n https://t.co/KrSMLLjHwG",FALSE,0,NA,2020-09-03 00:13:23,FALSE,NA,"1301312296480841730",NA,"<a href=""http://twitter.com/download/android"" rel=""nofollow"">Twitter for Android</a>","rmorales969",17,TRUE,FALSE,NA,NA,2020-09-02 18:13:23
"87","RT @PampichiNews: #TraficoGT
Tr√°iler Encunetado en bajada de #VillaLobos en direcci√≥n hacia #Amatitl√°n https://t.co/KrSMLLjHwG",FALSE,0,NA,2020-09-03 00:10:46,FALSE,NA,"1301311638507868160",NA,"<a href=""http://twitter.com/download/android"" rel=""nofollow"">Twitter for Android</a>","marvinoliva15",17,TRUE,FALSE,NA,NA,2020-09-02 18:10:46
"88","RT @PampichiNews: #TraficoGT
Tr√°iler Encunetado en bajada de #VillaLobos en direcci√≥n hacia #Amatitl√°n https://t.co/KrSMLLjHwG",FALSE,0,NA,2020-09-03 00:10:12,FALSE,NA,"1301311496195055622",NA,"<a href=""http://twitter.com/download/android"" rel=""nofollow"">Twitter for Android</a>","12kanM",17,TRUE,FALSE,NA,NA,2020-09-02 18:10:12
"89","RT @PampichiNews: #TraficoGT
Tr√°iler Encunetado en bajada de #VillaLobos en direcci√≥n hacia #Amatitl√°n https://t.co/KrSMLLjHwG",FALSE,0,NA,2020-09-03 00:09:05,FALSE,NA,"1301311213880717312",NA,"<a href=""http://twitter.com/download/android"" rel=""nofollow"">Twitter for Android</a>","byrhergar",17,TRUE,FALSE,NA,NA,2020-09-02 18:09:05
"90","RT @PampichiNews: #TraficoGT
Tr√°iler Encunetado en bajada de #VillaLobos en direcci√≥n hacia #Amatitl√°n https://t.co/KrSMLLjHwG",FALSE,0,NA,2020-09-03 00:08:26,FALSE,NA,"1301311051548495879",NA,"<a href=""http://twitter.com/download/android"" rel=""nofollow"">Twitter for Android</a>","pusher12587",17,TRUE,FALSE,NA,NA,2020-09-02 18:08:26
"91","#TraficoGT
Tr√°iler Encunetado en bajada de #VillaLobos en direcci√≥n hacia #Amatitl√°n https://t.co/KrSMLLjHwG",FALSE,44,NA,2020-09-03 00:04:04,FALSE,NA,"1301309951516782597",NA,"<a href=""http://twitter.com/download/android"" rel=""nofollow"">Twitter for Android</a>","PampichiNews",17,FALSE,FALSE,NA,NA,2020-09-02 18:04:04
"92","Yo en el #TraficoGT  cuando un motorista sale del punto ciego atr√°s de mi carro con intenci√≥n de atravesarse por de‚Ä¶ https://t.co/MrZA19Hqos",FALSE,1,NA,2020-09-02 23:57:53,TRUE,NA,"1301308396562505728",NA,"<a href=""https://mobile.twitter.com"" rel=""nofollow"">Twitter Web App</a>","julio_ecs",0,FALSE,FALSE,NA,NA,2020-09-02 17:57:53
"93","RT @amilcarmontejo: Caminar o andar en bici 20 minutos diariamente estimulan hormonas de la felicidad*, ayudando a una mejor calidad de vid‚Ä¶",FALSE,0,NA,2020-09-02 23:53:55,FALSE,NA,"1301307399458959361",NA,"<a href=""https://mobile.twitter.com"" rel=""nofollow"">Twitter Web App</a>","vlackyack",56,TRUE,FALSE,NA,NA,2020-09-02 17:53:55
"94","Toco salir #TraficoGT https://t.co/tM7JtRCyQF",FALSE,2,NA,2020-09-02 23:11:37,FALSE,NA,"1301296752012689418",NA,"<a href=""http://twitter.com/download/android"" rel=""nofollow"">Twitter for Android</a>","Jeromoor",0,FALSE,FALSE,NA,NA,2020-09-02 17:11:37
"95","RT @amilcarmontejo: Caminar o andar en bici 20 minutos diariamente estimulan hormonas de la felicidad*, ayudando a una mejor calidad de vid‚Ä¶",FALSE,0,NA,2020-09-02 23:06:07,FALSE,NA,"1301295368995573761",NA,"<a href=""http://twitter.com/download/android"" rel=""nofollow"">Twitter for Android</a>","sallysica7",56,TRUE,FALSE,NA,NA,2020-09-02 17:06:07
"96","#TraficoGT  üö® üëâ https://t.co/j8YvgFFsR9

1. Se reporta veh√≠culo incendiandose en final de bulevar Balcones zona 8 M‚Ä¶ https://t.co/vKvxP2w825",FALSE,2,NA,2020-09-02 21:56:51,TRUE,NA,"1301277938130857985",NA,"<a href=""https://mobile.twitter.com"" rel=""nofollow"">Twitter Web App</a>","transdocnoticia",0,FALSE,FALSE,NA,NA,2020-09-02 15:56:51
"97","RT @amilcarmontejo: Caminar o andar en bici 20 minutos diariamente estimulan hormonas de la felicidad*, ayudando a una mejor calidad de vid‚Ä¶",FALSE,0,NA,2020-09-02 21:43:04,FALSE,NA,"1301274470544539653",NA,"<a href=""https://mobile.twitter.com"" rel=""nofollow"">Twitter Web App</a>","VozChapina",56,TRUE,FALSE,NA,NA,2020-09-02 15:43:04
"98","RT @EmixtraPablo: Se reporta veh√≠culo incendiandose en final de bulevar Balcones zona 8 Mixco, unidad contra incendios trabaja en el lugar‚Ä¶",FALSE,0,NA,2020-09-02 21:39:54,FALSE,NA,"1301273672594984963",NA,"<a href=""http://www.tweetcaster.com"" rel=""nofollow"">TweetCaster for Android</a>","traficogt",1,TRUE,FALSE,NA,NA,2020-09-02 15:39:54
"99","RT @alba_keneth: #AlertaAlbaKeneth ‚ö† | Antonio Coc Chocoj, de 16 a√±os de edad.  Desapareci√≥ el 02 de septiembre de 2020, en Roosevelt, Z.7,‚Ä¶",FALSE,0,NA,2020-09-02 21:38:43,FALSE,NA,"1301273375436877828",NA,"<a href=""http://www.tweetcaster.com"" rel=""nofollow"">TweetCaster for Android</a>","traficogt",36,TRUE,FALSE,NA,NA,2020-09-02 15:38:43
"100","RT @amilcarmontejo: Caminar o andar en bici 20 minutos diariamente estimulan hormonas de la felicidad*, ayudando a una mejor calidad de vid‚Ä¶",FALSE,0,NA,2020-09-02 21:17:38,FALSE,NA,"1301268068941869057",NA,"<a href=""https://mobile.twitter.com"" rel=""nofollow"">Twitter Web App</a>","alvarojacf",56,TRUE,FALSE,NA,NA,2020-09-02 15:17:38
"101","SEA. Expertos en veh√≠culos. Todo a buen precio. Efectivo o Visacuotas-Credicuotas. WhatsApp 3056 8813. Centro Empre‚Ä¶ https://t.co/uzpbsVEjJN",FALSE,1,NA,2020-09-02 21:11:59,TRUE,NA,"1301266647026720769",NA,"<a href=""https://mobile.twitter.com"" rel=""nofollow"">Twitter Web App</a>","MensajeroSi",0,FALSE,FALSE,NA,NA,2020-09-02 15:11:59
"102","SEA. Expertos en veh√≠culos. Todo a buen precio. Efectivo o Visacuotas-Credicuotas. WhatsApp 3056 8813. Centro Empre‚Ä¶ https://t.co/A3Bf9B06HL",FALSE,1,NA,2020-09-02 20:57:54,TRUE,NA,"1301263103359844352",NA,"<a href=""https://mobile.twitter.com"" rel=""nofollow"">Twitter Web App</a>","MensajeroSi",0,FALSE,FALSE,NA,NA,2020-09-02 14:57:54
"103","@soy_502 Sea de donde sea, venga de donde vengan los motoristas son un problema de seguridad para  veh√≠culos, cicli‚Ä¶ https://t.co/fbQR8V0wPd",FALSE,1,"soy_502",2020-09-02 20:49:23,TRUE,"1301232795281436673","1301260956983603205","1687984068","<a href=""http://twitter.com/download/android"" rel=""nofollow"">Twitter for Android</a>","DaniiiMellado",0,FALSE,FALSE,NA,NA,2020-09-02 14:49:23
"104","SEA. Expertos en veh√≠culos. Todo a buen precio. Efectivo o Visacuotas-Credicuotas. WhatsApp 3056 8813. Centro Empre‚Ä¶ https://t.co/XVg8muXdnV",FALSE,1,NA,2020-09-02 20:49:06,TRUE,NA,"1301260888943493120",NA,"<a href=""https://mobile.twitter.com"" rel=""nofollow"">Twitter Web App</a>","MensajeroSi",0,FALSE,FALSE,NA,NA,2020-09-02 14:49:06
"105","SEA. Expertos en veh√≠culos. Todo a buen precio. Efectivo o Visacuotas-Credicuotas. WhatsApp 3056 8813. Centro Empre‚Ä¶ https://t.co/tCTS5k9rdW",FALSE,1,NA,2020-09-02 20:47:55,TRUE,NA,"1301260590950875138",NA,"<a href=""https://mobile.twitter.com"" rel=""nofollow"">Twitter Web App</a>","MensajeroSi",0,FALSE,FALSE,NA,NA,2020-09-02 14:47:55
"106","RT @desastresgt: Roat√°n, Honduras, #Nana inicia su ingreso a Costa Atl√°ntica. A partir de las 13 horas se incrementan vientos en regiones p‚Ä¶",FALSE,0,NA,2020-09-02 20:40:33,FALSE,NA,"1301258735617273856",NA,"<a href=""https://mobile.twitter.com"" rel=""nofollow"">Twitter Web App</a>","franciscomendia",1,TRUE,FALSE,NA,NA,2020-09-02 14:40:33
"107","@PMT_VILLANUEVA @traficogt El  entro comercial metroplaza se robo tunel al  terminar la cuesta villalobos.   Anunci‚Ä¶ https://t.co/7TLUdxqd1U",FALSE,0,"PMT_VILLANUEVA",2020-09-02 20:38:21,TRUE,"1301196886330814464","1301258183789481984","608213660","<a href=""http://twitter.com/download/android"" rel=""nofollow"">Twitter for Android</a>","gerzon13",0,FALSE,FALSE,NA,NA,2020-09-02 14:38:21
"108","SEA. Expertos en veh√≠culos. Todo a buen precio. Efectivo o Visacuotas-Credicuotas. WhatsApp 3056 8813. Centro Empre‚Ä¶ https://t.co/SIGbJcMV9h",FALSE,1,NA,2020-09-02 20:36:30,TRUE,NA,"1301257715075944448",NA,"<a href=""https://mobile.twitter.com"" rel=""nofollow"">Twitter Web App</a>","bien062011",0,FALSE,FALSE,NA,NA,2020-09-02 14:36:30
"109","SEA. Expertos en veh√≠culos. Todo a buen precio. Efectivo o Visacuotas-Credicuotas. WhatsApp 3056 8813. Centro Empre‚Ä¶ https://t.co/FU0pfGC0RO",FALSE,1,NA,2020-09-02 20:35:31,TRUE,NA,"1301257468295643139",NA,"<a href=""https://mobile.twitter.com"" rel=""nofollow"">Twitter Web App</a>","bien062011",0,FALSE,FALSE,NA,NA,2020-09-02 14:35:31
"110","Un Civic, un bus y un cami√≥n; s√≥lo el motorista falt√≥ para armar el combo de imb√©ciles del #Tr√°ficoGT https://t.co/beGKtD6rgS",FALSE,1,NA,2020-09-02 20:30:18,FALSE,NA,"1301256154312577026",NA,"<a href=""https://mobile.twitter.com"" rel=""nofollow"">Twitter Web App</a>","Fernand08_",0,FALSE,FALSE,NA,NA,2020-09-02 14:30:18
"111","SEA. Expertos en veh√≠culos. Todo a buen precio. Efectivo o Visacuotas-Credicuotas. WhatsApp 3056 8813. Centro Empre‚Ä¶ https://t.co/yKZYSsMNNO",FALSE,2,NA,2020-09-02 20:29:11,TRUE,NA,"1301255875282300930",NA,"<a href=""https://mobile.twitter.com"" rel=""nofollow"">Twitter Web App</a>","bien062011",0,FALSE,FALSE,NA,NA,2020-09-02 14:29:11
"112","Roat√°n, Honduras, #Nana inicia su ingreso a Costa Atl√°ntica. A partir de las 13 horas se incrementan vientos en reg‚Ä¶ https://t.co/zFk4T0qIpe",FALSE,3,NA,2020-09-02 20:24:06,TRUE,NA,"1301254596309004288",NA,"<a href=""http://twitter.com/download/android"" rel=""nofollow"">Twitter for Android</a>","desastresgt",1,FALSE,FALSE,NA,NA,2020-09-02 14:24:06
"113","RT @leonel10gc: @soy_502 El 90% de motoristas son unos imprudentes animales, que no solo nunca respetan el #TraficoGt aparte de eso son una‚Ä¶",FALSE,0,NA,2020-09-02 20:19:12,FALSE,NA,"1301253363074502656",NA,"<a href=""http://twitter.com/download/android"" rel=""nofollow"">Twitter for Android</a>","CanelAristides",1,TRUE,FALSE,NA,NA,2020-09-02 14:19:12
"114","RT @EmixtraPablo: Triple colisi√≥n en plataforma del Km 18.7 ruta Interamericana, Obstaculizan un carril con sentido hacia la ciudad capital‚Ä¶",FALSE,0,NA,2020-09-02 20:18:53,FALSE,NA,"1301253284808798208",NA,"<a href=""http://www.tweetcaster.com"" rel=""nofollow"">TweetCaster for Android</a>","traficogt",3,TRUE,FALSE,NA,NA,2020-09-02 14:18:53
"115","RT @express_foto: Se reporta accidente de @traficogt km 14 ruta al #Atlantico @vichoguate https://t.co/VGMq3jCjPK",FALSE,0,NA,2020-09-02 20:18:42,FALSE,NA,"1301253236721176576",NA,"<a href=""http://www.tweetcaster.com"" rel=""nofollow"">TweetCaster for Android</a>","traficogt",1,TRUE,FALSE,NA,NA,2020-09-02 14:18:42
"116","Se reporta accidente de @traficogt km 14 ruta al #Atlantico @vichoguate https://t.co/VGMq3jCjPK",FALSE,8,NA,2020-09-02 20:14:30,FALSE,NA,"1301252178456215552",NA,"<a href=""http://twitter.com/download/iphone"" rel=""nofollow"">Twitter for iPhone</a>","express_foto",1,FALSE,FALSE,NA,NA,2020-09-02 14:14:30
"117","RT @amilcarmontejo: Triple colisi√≥n en Calzada Aguilar Batres zona 11, adem√°s motorista lesionada tras colisi√≥n en zona 10, reportan veh√≠cu‚Ä¶",FALSE,0,NA,2020-09-02 20:14:21,FALSE,NA,"1301252140455940097",NA,"<a href=""https://mobile.twitter.com"" rel=""nofollow"">Twitter Web App</a>","Carlosh24269977",6,TRUE,FALSE,NA,NA,2020-09-02 14:14:21
"118","#TraficoGT  üö®üö®

1.  Colisi√≥n entre cami√≥n y patrulla de la PNC en el kil√≥metro 10 de la Ruta al Atl√°ntico con direc‚Ä¶ https://t.co/XwogCQzYwj",FALSE,1,NA,2020-09-02 20:05:36,TRUE,NA,"1301249939922710531",NA,"<a href=""https://mobile.twitter.com"" rel=""nofollow"">Twitter Web App</a>","transdocnoticia",0,FALSE,FALSE,NA,NA,2020-09-02 14:05:36
"119","SEA. Expertos en veh√≠culos. Todo a buen precio. Efectivo o Visacuotas-Credicuotas. WhatsApp 3056 8813. Centro Empre‚Ä¶ https://t.co/YM8MKnELKQ",FALSE,1,NA,2020-09-02 19:59:52,TRUE,NA,"1301248498864730112",NA,"<a href=""https://mobile.twitter.com"" rel=""nofollow"">Twitter Web App</a>","bien062011",0,FALSE,FALSE,NA,NA,2020-09-02 13:59:52
"120","SEA. Expertos en veh√≠culos. Todo a buen precio. Efectivo o Visacuotas-Credicuotas. WhatsApp 3056 8813. Centro Empre‚Ä¶ https://t.co/S7M8FONdds",FALSE,1,NA,2020-09-02 19:58:26,TRUE,NA,"1301248137282097152",NA,"<a href=""https://mobile.twitter.com"" rel=""nofollow"">Twitter Web App</a>","bien062011",0,FALSE,FALSE,NA,NA,2020-09-02 13:58:26
"121","SEA. Expertos en veh√≠culos. Todo a buen precio. Efectivo o Visacuotas-Credicuotas. WhatsApp 3056 8813. Centro Empre‚Ä¶ https://t.co/RSBZKM61XB",FALSE,1,NA,2020-09-02 19:57:29,TRUE,NA,"1301247897439215617",NA,"<a href=""https://mobile.twitter.com"" rel=""nofollow"">Twitter Web App</a>","bien062011",0,FALSE,FALSE,NA,NA,2020-09-02 13:57:29
"122","RT @amilcarmontejo: Caminar o andar en bici 20 minutos diariamente estimulan hormonas de la felicidad*, ayudando a una mejor calidad de vid‚Ä¶",FALSE,0,NA,2020-09-02 19:55:47,FALSE,NA,"1301247468177420289",NA,"<a href=""http://twitter.com/download/iphone"" rel=""nofollow"">Twitter for iPhone</a>","pablinsky791",56,TRUE,FALSE,NA,NA,2020-09-02 13:55:47
"123","RT @amilcarmontejo: Caminar o andar en bici 20 minutos diariamente estimulan hormonas de la felicidad*, ayudando a una mejor calidad de vid‚Ä¶",FALSE,0,NA,2020-09-02 19:47:16,FALSE,NA,"1301245325269708801",NA,"<a href=""http://twitter.com/download/iphone"" rel=""nofollow"">Twitter for iPhone</a>","EtaEscuela",56,TRUE,FALSE,NA,NA,2020-09-02 13:47:16
"124","RT @amilcarmontejo: Carro averiado en Viaducto Lomas del Norte zona 17.

#PMT @RegenciaNorte realiza acciones para habilitar paso.

#PMTGua‚Ä¶",FALSE,0,NA,2020-09-02 19:24:05,FALSE,NA,"1301239493756936192",NA,"<a href=""http://twitter.com/download/android"" rel=""nofollow"">Twitter for Android</a>","RegenciaNorte",2,TRUE,FALSE,NA,NA,2020-09-02 13:24:05
"125","RT @amilcarmontejo: Carro averiado en Viaducto Lomas del Norte zona 17.

#PMT @RegenciaNorte realiza acciones para habilitar paso.

#PMTGua‚Ä¶",FALSE,0,NA,2020-09-02 19:22:27,FALSE,NA,"1301239080819339264",NA,"<a href=""http://twitter.com/download/android"" rel=""nofollow"">Twitter for Android</a>","Edithcastillo97",2,TRUE,FALSE,NA,NA,2020-09-02 13:22:27
"126","Carro averiado en Viaducto Lomas del Norte zona 17.

#PMT @RegenciaNorte realiza acciones para habilitar paso.‚Ä¶ https://t.co/hC7LDGHjR2",FALSE,16,NA,2020-09-02 19:21:55,TRUE,NA,"1301238948627439616",NA,"<a href=""http://twitter.com/download/iphone"" rel=""nofollow"">Twitter for iPhone</a>","amilcarmontejo",2,FALSE,FALSE,NA,NA,2020-09-02 13:21:55
"127","@soy_502 El 90% de motoristas son unos imprudentes animales, que no solo nunca respetan el #TraficoGt aparte de eso‚Ä¶ https://t.co/pLZD2CM539",FALSE,11,"soy_502",2020-09-02 19:15:29,TRUE,"1301232795281436673","1301237330066448392","1687984068","<a href=""http://twitter.com/download/android"" rel=""nofollow"">Twitter for Android</a>","leonel10gc",1,FALSE,FALSE,NA,NA,2020-09-02 13:15:29
"128","RT @amilcarmontejo: Caminar o andar en bici 20 minutos diariamente estimulan hormonas de la felicidad*, ayudando a una mejor calidad de vid‚Ä¶",FALSE,0,NA,2020-09-02 18:41:09,FALSE,NA,"1301228686671310849",NA,"<a href=""http://twitter.com/download/android"" rel=""nofollow"">Twitter for Android</a>","SHerreraDeLeon",56,TRUE,FALSE,NA,NA,2020-09-02 12:41:09
"129","RT @amilcarmontejo: Caminar o andar en bici 20 minutos diariamente estimulan hormonas de la felicidad*, ayudando a una mejor calidad de vid‚Ä¶",FALSE,0,NA,2020-09-02 18:28:11,FALSE,NA,"1301225425457360896",NA,"<a href=""https://mobile.twitter.com"" rel=""nofollow"">Twitter Web App</a>","gestionesadycom",56,TRUE,FALSE,NA,NA,2020-09-02 12:28:11
"130","@amilcarmontejo este trailer y el verde que se ve adelante, van manejando de forma imprudente sobre perif√©rico nort‚Ä¶ https://t.co/JFltBnsy75",FALSE,1,"amilcarmontejo",2020-09-02 18:06:48,TRUE,NA,"1301220044995727361","372126670","<a href=""http://twitter.com/download/android"" rel=""nofollow"">Twitter for Android</a>","LaGripona2020",0,FALSE,FALSE,NA,NA,2020-09-02 12:06:48
"131","RT @amilcarmontejo: Caminar o andar en bici 20 minutos diariamente estimulan hormonas de la felicidad*, ayudando a una mejor calidad de vid‚Ä¶",FALSE,0,NA,2020-09-02 18:06:36,FALSE,NA,"1301219994877988864",NA,"<a href=""http://twitter.com/download/android"" rel=""nofollow"">Twitter for Android</a>","AreliBaten",56,TRUE,FALSE,NA,NA,2020-09-02 12:06:36
"132","#TraficoGT  üö® üëâ  https://t.co/9F4csIFmNS

1. Contin√∫an los ensayos del transporte p√∫blico en el municipio de Villa‚Ä¶ https://t.co/7vK2c67OGR",FALSE,1,NA,2020-09-02 17:48:36,TRUE,NA,"1301215462928388098",NA,"<a href=""https://mobile.twitter.com"" rel=""nofollow"">Twitter Web App</a>","transdocnoticia",0,FALSE,FALSE,NA,NA,2020-09-02 11:48:36
"133","RT @amilcarmontejo: Caminar o andar en bici 20 minutos diariamente estimulan hormonas de la felicidad*, ayudando a una mejor calidad de vid‚Ä¶",FALSE,0,NA,2020-09-02 17:45:33,FALSE,NA,"1301214696603889665",NA,"<a href=""http://twitter.com/download/android"" rel=""nofollow"">Twitter for Android</a>","adolfo987",56,TRUE,FALSE,NA,NA,2020-09-02 11:45:33
"134","#TraficoGT  üö® üëâ  https://t.co/9F4csIFmNS

1. Personal de Calusac llevan a cabo una manifestaci√≥n afuera de las inst‚Ä¶ https://t.co/WTj7tZKcMl",FALSE,1,NA,2020-09-02 17:43:33,TRUE,NA,"1301214191697657859",NA,"<a href=""https://mobile.twitter.com"" rel=""nofollow"">Twitter Web App</a>","transdocnoticia",0,FALSE,FALSE,NA,NA,2020-09-02 11:43:33
"135","@amilcarmontejo hay un pedazo de costanera de 1.5 metros tirado en el paso a desnivel de tecun uman, viniendo del t‚Ä¶ https://t.co/SPGg62boW1",FALSE,1,"amilcarmontejo",2020-09-02 17:42:54,TRUE,NA,"1301214027071225856","372126670","<a href=""http://www.tweetcaster.com"" rel=""nofollow"">TweetCaster for Android</a>","traficogt",2,FALSE,FALSE,NA,NA,2020-09-02 11:42:54
"136","@joseMMgt @traficogt @mishamoliviatis Ya estan en facebook",FALSE,0,"joseMMgt",2020-09-02 17:15:03,FALSE,"1301176831761145856","1301207021203722246","1271865631634309122","<a href=""http://twitter.com/download/android"" rel=""nofollow"">Twitter for Android</a>","NikyMoli",0,FALSE,FALSE,NA,NA,2020-09-02 11:15:03
"137","RT @amilcarmontejo: Triple colisi√≥n en Calzada Aguilar Batres zona 11, adem√°s motorista lesionada tras colisi√≥n en zona 10, reportan veh√≠cu‚Ä¶",FALSE,0,NA,2020-09-02 16:53:17,FALSE,NA,"1301201544134701057",NA,"<a href=""http://twitter.com/download/android"" rel=""nofollow"">Twitter for Android</a>","Orellan83269189",6,TRUE,FALSE,NA,NA,2020-09-02 10:53:17
"138","RT @alcaldiaZ10: Precauci√≥n #TraficoGT trabajos de Bacheo en la 10 calle 1 Avenida y Avenida Reforma z.10.
Via @1000tonsandoval 
@amilcarmo‚Ä¶",FALSE,0,NA,2020-09-02 16:52:09,FALSE,NA,"1301201256044781569",NA,"<a href=""http://twitter.com/download/iphone"" rel=""nofollow"">Twitter for iPhone</a>","1000tonsandoval",1,TRUE,FALSE,NA,NA,2020-09-02 10:52:09
"139","Precauci√≥n #TraficoGT trabajos de Bacheo en la 10 calle 1 Avenida y Avenida Reforma z.10.
Via @1000tonsandoval‚Ä¶ https://t.co/nOqGIoyGNf",FALSE,1,NA,2020-09-02 16:51:46,TRUE,NA,"1301201162629242880",NA,"<a href=""http://twitter.com/download/android"" rel=""nofollow"">Twitter for Android</a>","alcaldiaZ10",1,FALSE,FALSE,NA,NA,2020-09-02 10:51:46
"140","RT @AlianzaRgt: ‚ö†Ô∏èJutiapa: ¬øSabes c√≥mo votan tus diputados?‚ö†Ô∏è

üí¨En el √∫ltimo intento por elegir #CortesNoMafias en el @CongresoGuate estos‚Ä¶",FALSE,0,NA,2020-09-02 16:39:47,FALSE,NA,"1301198144890380291",NA,"<a href=""http://www.tweetcaster.com"" rel=""nofollow"">TweetCaster for Android</a>","traficogt",56,TRUE,FALSE,NA,NA,2020-09-02 10:39:47
"141","RT @roblesronaldo: #AltaVerapaz: As√≠ votan sus diputados. Un evidente compromiso de casi todos en favor de la impunidad. 

Y tampoco se les‚Ä¶",FALSE,0,NA,2020-09-02 16:39:30,FALSE,NA,"1301198073532690434",NA,"<a href=""http://www.tweetcaster.com"" rel=""nofollow"">TweetCaster for Android</a>","traficogt",37,TRUE,FALSE,NA,NA,2020-09-02 10:39:30
"142","RT @PMT_VILLANUEVA: El transporte pesado solo puede utilizar el carril derecho en la Aguilar Batres eviten sanciones #transitoVN https://t.‚Ä¶",FALSE,0,NA,2020-09-02 16:39:11,FALSE,NA,"1301197993144655872",NA,"<a href=""http://www.tweetcaster.com"" rel=""nofollow"">TweetCaster for Android</a>","traficogt",5,TRUE,FALSE,NA,NA,2020-09-02 10:39:11
"143","RT @crfger: üí∞ ¬øD√≥nde est√° el Dinero? üí∞
#D√≥ndeEst√°ElDinero
#LaLuzSigueAqu√≠ https://t.co/J4cH1r5dXS",FALSE,0,NA,2020-09-02 16:39:04,FALSE,NA,"1301197966301179904",NA,"<a href=""http://www.tweetcaster.com"" rel=""nofollow"">TweetCaster for Android</a>","traficogt",5,TRUE,FALSE,NA,NA,2020-09-02 10:39:04
"144","üöß‚ö†Ô∏è #Precauci√≥n

Se realizan trabajos de se√±alizaci√≥n en la 6 avenida y 33 calle #Zona3‚Ä¶ https://t.co/sD5f0Mfr4l",FALSE,0,NA,2020-09-02 16:34:10,TRUE,NA,"1301196731011522560",NA,"<a href=""http://twitter.com/download/android"" rel=""nofollow"">Twitter for Android</a>","AlcaldiaZ3",0,FALSE,FALSE,NA,NA,2020-09-02 10:34:10
"145","‚ú®¬øEst√°s de acuerdo? Comenta: SI! üëê ¬øConoces a alguien que necesita escuchar esto? Mencional@s!

#frases‚Ä¶ https://t.co/8YYl5ENhcO",FALSE,0,NA,2020-09-02 16:31:09,TRUE,NA,"1301195971339132928",NA,"<a href=""http://twitter.com/download/iphone"" rel=""nofollow"">Twitter for iPhone</a>","CuIturaPositiva",0,FALSE,FALSE,NA,NA,2020-09-02 10:31:09
"146","‚ú®¬øEst√°s de acuerdo? Comenta: SI! üëê ¬øConoces a alguien que necesita escuchar esto? Mencional@s!

#frases‚Ä¶ https://t.co/mHzsrVyVHZ",FALSE,0,NA,2020-09-02 16:30:58,TRUE,NA,"1301195926095106049",NA,"<a href=""http://twitter.com/download/iphone"" rel=""nofollow"">Twitter for iPhone</a>","CuIturaPositiva",0,FALSE,FALSE,NA,NA,2020-09-02 10:30:58
"147","‚ú®¬øEst√°s de acuerdo? Comenta: SI! üëê ¬øConoces a alguien que necesita escuchar esto? Mencional@s!

#frases‚Ä¶ https://t.co/YmqlmALt8g",FALSE,0,NA,2020-09-02 16:30:45,TRUE,NA,"1301195869723734017",NA,"<a href=""http://twitter.com/download/iphone"" rel=""nofollow"">Twitter for iPhone</a>","CuIturaPositiva",0,FALSE,FALSE,NA,NA,2020-09-02 10:30:45
"148","RT @amilcarmontejo: Caminar o andar en bici 20 minutos diariamente estimulan hormonas de la felicidad*, ayudando a una mejor calidad de vid‚Ä¶",FALSE,0,NA,2020-09-02 16:07:28,FALSE,NA,"1301190011568771072",NA,"<a href=""https://mobile.twitter.com"" rel=""nofollow"">Twitter Web App</a>","colomba2012",56,TRUE,FALSE,NA,NA,2020-09-02 10:07:28
"149","Llegamos a 19K de suscriptores en YouTube amigos!
En FACEBOOK ya somos m√°s de 46k y en INSTAGRAM ya somos m√°s de 2k‚Ä¶ https://t.co/S5busDXRE7",FALSE,1,NA,2020-09-02 15:57:11,TRUE,NA,"1301187426011013120",NA,"<a href=""http://twitter.com/download/android"" rel=""nofollow"">Twitter for Android</a>","motosGT94",1,FALSE,FALSE,NA,NA,2020-09-02 09:57:11
"150","Nada lejos d la realidad nacional...
#Guatemala #TraficoGT #Miercoles https://t.co/giLfTFJ7Jh",FALSE,0,NA,2020-09-02 15:44:03,FALSE,NA,"1301184117464354816",NA,"<a href=""http://twitter.com/download/android"" rel=""nofollow"">Twitter for Android</a>","Pacmanguate",0,FALSE,FALSE,NA,NA,2020-09-02 09:44:03
